FS,Model,Training_Time_s,Accuracy,ROC_AUC,AP,Precision,Recall,Conf_Matrix
No_FS,XGBoost,1.0525095462799072,0.97826,0.9958722424,0.9945915864939373,0.9627307558342041,0.99504,"[[48074, 1926], [248, 49752]]"
No_FS,CatBoost,7.485698699951172,0.96552,0.9920697088,0.9893569329498167,0.9446057457212714,0.98904,"[[47100, 2900], [548, 49452]]"
No_FS,LightGBM,1.9688313007354736,0.95478,0.9888132003999999,0.9851117464804973,0.9299300434864813,0.98368,"[[46294, 3706], [816, 49184]]"
SHAP_RFE,XGBoost,0.46545910835266113,0.97951,0.9964251392,0.9953428090277405,0.9642545940398505,0.99594,"[[48154, 1846], [203, 49797]]"
SHAP_RFE,CatBoost,6.9611852169036865,0.96649,0.9923165208,0.9896249495311569,0.9454896193441182,0.99006,"[[47146, 2854], [497, 49503]]"
SHAP_RFE,LightGBM,1.249452829360962,0.95682,0.9893385163999999,0.9856258486400605,0.932447271763414,0.985,"[[46432, 3568], [750, 49250]]"
DeepSwarm,XGBoost,0.8449797630310059,0.93827,0.9833122472,0.979454510034053,0.9070493173585957,0.97662,"[[44996, 5004], [1169, 48831]]"
DeepSwarm,CatBoost,6.4698827266693115,0.90438,0.9650741776000001,0.9574533142007495,0.8639128869690424,0.95998,"[[42439, 7561], [2001, 47999]]"
DeepSwarm,LightGBM,1.4863388538360596,0.90202,0.9635740667999999,0.9552536697468199,0.858408815348406,0.96286,"[[42059, 7941], [1857, 48143]]"
