Feature,SHAP_Importance_%
Prox_Epice,13.769371
BIO_1,11.945902
Prox_Fault,11.752025
Prox_Strea,7.9964657
Lithology,6.936683
BIO_17,6.4188523
Prox_Road,6.1778398
BIO_12,4.4743567
DEM,3.84144
BIO_15,3.7691505
BIO_13,3.672401
BIO_16,2.9475904
TeRI,2.4764128
ToRI,2.3655596
ARVI,1.9454931
LULC,1.9421382
Aspect,1.8011575
NDBaI,1.5598836
LST,1.4403157
Clay,1.129673
VRM,0.8548541
WRI,0.78243786
